{
  "results": [
    {
      "command": "Full build",
      "mean": 0.2768123453900001,
      "stddev": 0.003012095807713588,
      "median": 0.27638840122,
      "user": 0.42605133,
      "system": 0.08483045999999997,
      "min": 0.26937075022,
      "max": 0.28706426522000006,
      "times": [
        0.27502860122000006,
        0.28596289922,
        0.27642792322000004,
        0.27720310922,
        0.27607957922000004,
        0.27714259822000004,
        0.27717426822,
        0.27681777522,
        0.28086877722000003,
        0.28007074122000003,
        0.27824151622000004,
        0.27489482922,
        0.27594516722,
        0.27605916822000004,
        0.27538985222,
        0.27521101122,
        0.27244119922000004,
        0.27623660922000004,
        0.27292832322000005,
        0.27224702622,
        0.27458167622,
        0.27473976722000004,
        0.27414512122,
        0.27542587222000003,
        0.27697515422,
        0.27947516322000004,
        0.27772518022000003,
        0.27634887922,
        0.28258357822,
        0.28195699322,
        0.27900525922,
        0.28092112422000004,
        0.27573953322000005,
        0.28067921122000006,
        0.27332527422,
        0.27450098322000005,
        0.27842319322000003,
        0.27166498922000004,
        0.27622211622000004,
        0.27856124422000006,
        0.26937075022,
        0.27241808522000005,
        0.27612314522000003,
        0.27923714022,
        0.27499994522000004,
        0.27719415322,
        0.27902312722000006,
        0.27841694122000005,
        0.27708481222000003,
        0.27535372822000004,
        0.27772702622,
        0.27712944122000005,
        0.27527366622000005,
        0.27578439022,
        0.27794779722,
        0.27544200722,
        0.27347702222000003,
        0.27606774322000005,
        0.27597995022000005,
        0.27254919422,
        0.27342564122,
        0.27958502922000006,
        0.28233785222,
        0.27840156922000003,
        0.28002048322000006,
        0.27456198922,
        0.27813081722000005,
        0.27651663522000003,
        0.27752218222,
        0.27456951822000003,
        0.27503759222,
        0.27366786122000003,
        0.27567219622000005,
        0.27599238922,
        0.27741012022000006,
        0.27554986522,
        0.27925476522000003,
        0.27389044222000003,
        0.28443208622000005,
        0.27905456322000005,
        0.27795207422,
        0.27730939822000006,
        0.27508770022,
        0.27996672922000004,
        0.27647432222,
        0.28330899622000005,
        0.28706426522000006,
        0.27683467322000005,
        0.27915145222000004,
        0.27547310322,
        0.27322999522,
        0.27231441722000005,
        0.27194920522000005,
        0.27522479122000004,
        0.27946822422000006,
        0.27692465422,
        0.27818534322000005,
        0.27583870522000004,
        0.27708740522,
        0.27538413122000005
      ],
      "memory_usage_byte": [
        125530112,
        125530112,
        125530112,
        125530112,
        125530112,
        125530112,
        125530112,
        125530112,
        125530112,
        125530112,
        125530112,
        125530112,
        125530112,
        125530112,
        125530112,
        125599744,
        125599744,
        125599744,
        125599744,
        125599744,
        125599744,
        125599744,
        125599744,
        125599744,
        125599744,
        125698048,
        125698048,
        125698048,
        125698048,
        125698048,
        125698048,
        125698048,
        125698048,
        125698048,
        125698048,
        125698048,
        125698048,
        125698048,
        125698048,
        125698048,
        125698048,
        125698048,
        125698048,
        125698048,
        125698048,
        125698048,
        125698048,
        125698048,
        125698048,
        125698048,
        125698048,
        125698048,
        125698048,
        125698048,
        125698048,
        125698048,
        125698048,
        125698048,
        125698048,
        125698048,
        125714432,
        125714432,
        125714432,
        125714432,
        125714432,
        125714432,
        125714432,
        125751296,
        125751296,
        125751296,
        125751296,
        125751296,
        125751296,
        125751296,
        125751296,
        125751296,
        125751296,
        125751296,
        125751296,
        125751296,
        125751296,
        125751296,
        125751296,
        125751296,
        125751296,
        125751296,
        125751296,
        125751296,
        125751296,
        125751296,
        125751296,
        125751296,
        125751296,
        125751296,
        125751296,
        126033920,
        126033920,
        126033920,
        126033920,
        126033920
      ],
      "exit_codes": [
        0,
        0,
        0,
        0,
        0,
        0,
        0,
        0,
        0,
        0,
        0,
        0,
        0,
        0,
        0,
        0,
        0,
        0,
        0,
        0,
        0,
        0,
        0,
        0,
        0,
        0,
        0,
        0,
        0,
        0,
        0,
        0,
        0,
        0,
        0,
        0,
        0,
        0,
        0,
        0,
        0,
        0,
        0,
        0,
        0,
        0,
        0,
        0,
        0,
        0,
        0,
        0,
        0,
        0,
        0,
        0,
        0,
        0,
        0,
        0,
        0,
        0,
        0,
        0,
        0,
        0,
        0,
        0,
        0,
        0,
        0,
        0,
        0,
        0,
        0,
        0,
        0,
        0,
        0,
        0,
        0,
        0,
        0,
        0,
        0,
        0,
        0,
        0,
        0,
        0,
        0,
        0,
        0,
        0,
        0,
        0,
        0,
        0,
        0,
        0
      ]
    }
  ]
}
